date,HHMMSS,machine_name,ROI,genotype,group,path,filesize_mb
15/07/2025,16-03-10,76,6,CS,trained,/mnt/ethoscope_data/videos/076e2825a7274661bd0697c42d6fa4c0/ETHOSCOPE_076/2025-07-15_16-03-10/2025-07-15_16-03-10_076e2825a7274661bd0697c42d6fa4c0__1920x1088@25fps-28q_merged.mp4,59.4
15/07/2025,16-03-10,76,4,CS,untrained,/mnt/ethoscope_data/videos/076e2825a7274661bd0697c42d6fa4c0/ETHOSCOPE_076/2025-07-15_16-03-10/2025-07-15_16-03-10_076e2825a7274661bd0697c42d6fa4c0__1920x1088@25fps-28q_merged.mp4,59.4
15/07/2025,16-03-10,76,2,CS,trained,/mnt/ethoscope_data/videos/076e2825a7274661bd0697c42d6fa4c0/ETHOSCOPE_076/2025-07-15_16-03-10/2025-07-15_16-03-10_076e2825a7274661bd0697c42d6fa4c0__1920x1088@25fps-28q_merged.mp4,59.4
15/07/2025,16-03-10,76,5,CS,untrained,/mnt/ethoscope_data/videos/076e2825a7274661bd0697c42d6fa4c0/ETHOSCOPE_076/2025-07-15_16-03-10/2025-07-15_16-03-10_076e2825a7274661bd0697c42d6fa4c0__1920x1088@25fps-28q_merged.mp4,59.4
15/07/2025,16-03-10,76,3,CS,trained,/mnt/ethoscope_data/videos/076e2825a7274661bd0697c42d6fa4c0/ETHOSCOPE_076/2025-07-15_16-03-10/2025-07-15_16-03-10_076e2825a7274661bd0697c42d6fa4c0__1920x1088@25fps-28q_merged.mp4,59.4
15/07/2025,16-03-10,76,1,CS,untrained,/mnt/ethoscope_data/videos/076e2825a7274661bd0697c42d6fa4c0/ETHOSCOPE_076/2025-07-15_16-03-10/2025-07-15_16-03-10_076e2825a7274661bd0697c42d6fa4c0__1920x1088@25fps-28q_merged.mp4,59.4
15/07/2025,16-31-34,76,6,CS,trained,/mnt/ethoscope_data/videos/076e2825a7274661bd0697c42d6fa4c0/ETHOSCOPE_076/2025-07-15_16-31-34/2025-07-15_16-31-34_076e2825a7274661bd0697c42d6fa4c0__1920x1088@25fps-28q_merged.mp4,78.98
15/07/2025,16-31-34,76,4,CS,trained,/mnt/ethoscope_data/videos/076e2825a7274661bd0697c42d6fa4c0/ETHOSCOPE_076/2025-07-15_16-31-34/2025-07-15_16-31-34_076e2825a7274661bd0697c42d6fa4c0__1920x1088@25fps-28q_merged.mp4,78.98
15/07/2025,16-31-34,76,2,CS,trained,/mnt/ethoscope_data/videos/076e2825a7274661bd0697c42d6fa4c0/ETHOSCOPE_076/2025-07-15_16-31-34/2025-07-15_16-31-34_076e2825a7274661bd0697c42d6fa4c0__1920x1088@25fps-28q_merged.mp4,78.98
15/07/2025,16-31-34,76,5,CS,untrained,/mnt/ethoscope_data/videos/076e2825a7274661bd0697c42d6fa4c0/ETHOSCOPE_076/2025-07-15_16-31-34/2025-07-15_16-31-34_076e2825a7274661bd0697c42d6fa4c0__1920x1088@25fps-28q_merged.mp4,78.98
15/07/2025,16-31-34,76,3,CS,untrained,/mnt/ethoscope_data/videos/076e2825a7274661bd0697c42d6fa4c0/ETHOSCOPE_076/2025-07-15_16-31-34/2025-07-15_16-31-34_076e2825a7274661bd0697c42d6fa4c0__1920x1088@25fps-28q_merged.mp4,78.98
15/07/2025,16-31-34,76,1,CS,untrained,/mnt/ethoscope_data/videos/076e2825a7274661bd0697c42d6fa4c0/ETHOSCOPE_076/2025-07-15_16-31-34/2025-07-15_16-31-34_076e2825a7274661bd0697c42d6fa4c0__1920x1088@25fps-28q_merged.mp4,78.98
15/07/2025,16-03-27,145,6,CS,trained,/mnt/ethoscope_data/videos/145bb573497a4e15b0690206748a3af6/ETHOSCOPE_145/2025-07-15_16-03-27/2025-07-15_16-03-27_145bb573497a4e15b0690206748a3af6__1920x1088@25fps-28q_merged.mp4,78.72
15/07/2025,16-03-27,145,4,CS,trained,/mnt/ethoscope_data/videos/145bb573497a4e15b0690206748a3af6/ETHOSCOPE_145/2025-07-15_16-03-27/2025-07-15_16-03-27_145bb573497a4e15b0690206748a3af6__1920x1088@25fps-28q_merged.mp4,78.72
15/07/2025,16-03-27,145,2,CS,trained,/mnt/ethoscope_data/videos/145bb573497a4e15b0690206748a3af6/ETHOSCOPE_145/2025-07-15_16-03-27/2025-07-15_16-03-27_145bb573497a4e15b0690206748a3af6__1920x1088@25fps-28q_merged.mp4,78.72
15/07/2025,16-03-27,145,5,CS,untrained,/mnt/ethoscope_data/videos/145bb573497a4e15b0690206748a3af6/ETHOSCOPE_145/2025-07-15_16-03-27/2025-07-15_16-03-27_145bb573497a4e15b0690206748a3af6__1920x1088@25fps-28q_merged.mp4,78.72
15/07/2025,16-03-27,145,3,CS,untrained,/mnt/ethoscope_data/videos/145bb573497a4e15b0690206748a3af6/ETHOSCOPE_145/2025-07-15_16-03-27/2025-07-15_16-03-27_145bb573497a4e15b0690206748a3af6__1920x1088@25fps-28q_merged.mp4,78.72
15/07/2025,16-03-27,145,1,CS,untrained,/mnt/ethoscope_data/videos/145bb573497a4e15b0690206748a3af6/ETHOSCOPE_145/2025-07-15_16-03-27/2025-07-15_16-03-27_145bb573497a4e15b0690206748a3af6__1920x1088@25fps-28q_merged.mp4,78.72
15/07/2025,16-31-41,145,6,CS,trained,/mnt/ethoscope_data/videos/145bb573497a4e15b0690206748a3af6/ETHOSCOPE_145/2025-07-15_16-31-41/2025-07-15_16-31-41_145bb573497a4e15b0690206748a3af6__1920x1088@25fps-28q_merged.mp4,90.9
15/07/2025,16-31-41,145,4,CS,trained,/mnt/ethoscope_data/videos/145bb573497a4e15b0690206748a3af6/ETHOSCOPE_145/2025-07-15_16-31-41/2025-07-15_16-31-41_145bb573497a4e15b0690206748a3af6__1920x1088@25fps-28q_merged.mp4,90.9
15/07/2025,16-31-41,145,2,CS,trained,/mnt/ethoscope_data/videos/145bb573497a4e15b0690206748a3af6/ETHOSCOPE_145/2025-07-15_16-31-41/2025-07-15_16-31-41_145bb573497a4e15b0690206748a3af6__1920x1088@25fps-28q_merged.mp4,90.9
15/07/2025,16-31-41,145,5,CS,untrained,/mnt/ethoscope_data/videos/145bb573497a4e15b0690206748a3af6/ETHOSCOPE_145/2025-07-15_16-31-41/2025-07-15_16-31-41_145bb573497a4e15b0690206748a3af6__1920x1088@25fps-28q_merged.mp4,90.9
15/07/2025,16-31-41,145,3,CS,untrained,/mnt/ethoscope_data/videos/145bb573497a4e15b0690206748a3af6/ETHOSCOPE_145/2025-07-15_16-31-41/2025-07-15_16-31-41_145bb573497a4e15b0690206748a3af6__1920x1088@25fps-28q_merged.mp4,90.9
15/07/2025,16-31-41,145,1,CS,untrained,/mnt/ethoscope_data/videos/145bb573497a4e15b0690206748a3af6/ETHOSCOPE_145/2025-07-15_16-31-41/2025-07-15_16-31-41_145bb573497a4e15b0690206748a3af6__1920x1088@25fps-28q_merged.mp4,90.9
15/07/2025,16-31-52,139,6,CS,trained,/mnt/ethoscope_data/videos/13924be2046d49f4a641cef2a5559852/ETHOSCOPE_139/2025-07-15_16-31-52/2025-07-15_16-31-52_13924be2046d49f4a641cef2a5559852__1920x1088@25fps-28q_merged.mp4,73.4
15/07/2025,16-31-52,139,4,CS,trained,/mnt/ethoscope_data/videos/13924be2046d49f4a641cef2a5559852/ETHOSCOPE_139/2025-07-15_16-31-52/2025-07-15_16-31-52_13924be2046d49f4a641cef2a5559852__1920x1088@25fps-28q_merged.mp4,73.4
15/07/2025,16-31-52,139,2,CS,trained,/mnt/ethoscope_data/videos/13924be2046d49f4a641cef2a5559852/ETHOSCOPE_139/2025-07-15_16-31-52/2025-07-15_16-31-52_13924be2046d49f4a641cef2a5559852__1920x1088@25fps-28q_merged.mp4,73.4
15/07/2025,16-31-52,139,5,CS,untrained,/mnt/ethoscope_data/videos/13924be2046d49f4a641cef2a5559852/ETHOSCOPE_139/2025-07-15_16-31-52/2025-07-15_16-31-52_13924be2046d49f4a641cef2a5559852__1920x1088@25fps-28q_merged.mp4,73.4
15/07/2025,16-31-52,139,3,CS,untrained,/mnt/ethoscope_data/videos/13924be2046d49f4a641cef2a5559852/ETHOSCOPE_139/2025-07-15_16-31-52/2025-07-15_16-31-52_13924be2046d49f4a641cef2a5559852__1920x1088@25fps-28q_merged.mp4,73.4
15/07/2025,16-31-52,139,1,CS,untrained,/mnt/ethoscope_data/videos/13924be2046d49f4a641cef2a5559852/ETHOSCOPE_139/2025-07-15_16-31-52/2025-07-15_16-31-52_13924be2046d49f4a641cef2a5559852__1920x1088@25fps-28q_merged.mp4,73.4
15/07/2025,16-32-05,268,6,CS,untrained,/mnt/ethoscope_data/videos/268102f92f51486f995200c29d980477/ETHOSCOPE_268/2025-07-15_16-32-05/2025-07-15_16-32-05_268102f92f51486f995200c29d980477__1920x1088@25fps-28q_merged.mp4,43.72
15/07/2025,16-32-05,268,4,CS,untrained,/mnt/ethoscope_data/videos/268102f92f51486f995200c29d980477/ETHOSCOPE_268/2025-07-15_16-32-05/2025-07-15_16-32-05_268102f92f51486f995200c29d980477__1920x1088@25fps-28q_merged.mp4,43.72
15/07/2025,16-32-05,268,2,CS,untrained,/mnt/ethoscope_data/videos/268102f92f51486f995200c29d980477/ETHOSCOPE_268/2025-07-15_16-32-05/2025-07-15_16-32-05_268102f92f51486f995200c29d980477__1920x1088@25fps-28q_merged.mp4,43.72
15/07/2025,16-32-05,268,5,CS,trained,/mnt/ethoscope_data/videos/268102f92f51486f995200c29d980477/ETHOSCOPE_268/2025-07-15_16-32-05/2025-07-15_16-32-05_268102f92f51486f995200c29d980477__1920x1088@25fps-28q_merged.mp4,43.72
15/07/2025,16-32-05,268,3,CS,trained,/mnt/ethoscope_data/videos/268102f92f51486f995200c29d980477/ETHOSCOPE_268/2025-07-15_16-32-05/2025-07-15_16-32-05_268102f92f51486f995200c29d980477__1920x1088@25fps-28q_merged.mp4,43.72
15/07/2025,16-32-05,268,1,CS,trained,/mnt/ethoscope_data/videos/268102f92f51486f995200c29d980477/ETHOSCOPE_268/2025-07-15_16-32-05/2025-07-15_16-32-05_268102f92f51486f995200c29d980477__1920x1088@25fps-28q_merged.mp4,43.72
